{"currencies":{"AED":{"code":"AED","name":"United Arab Emirates Dirham","rate":4.093865},"AFN":{"code":"AFN","name":"Afghan Afghani","rate":88.505163},"ALL":{"code":"ALL","name":"Albanian Lek","rate":121.71391},"AMD":{"code":"AMD","name":"Armenian Dram","rate":530.675998},"ANG":{"code":"ANG","name":"Netherlands Antillean Guilder","rate":1.990593},"AOA":{"code":"AOA","name":"Angolan Kwanza","rate":387.493283},"ARS":{"code":"ARS","name":"Argentine Peso","rate":48.759525},"AUD":{"code":"AUD","name":"Australian Dollar","rate":1.614808},"AWG":{"code":"AWG","name":"Aruban Florin","rate":2.003466},"AZN":{"code":"AZN","name":"Azerbaijani Manat","rate":1.900389},"BAM":{"code":"BAM","name":"Bosnia-Herzegovina Convertible Mark","rate":1.96061},"BBD":{"code":"BBD","name":"Barbadian Dollar","rate":2.251629},"BDT":{"code":"BDT","name":"Bangladeshi Taka","rate":94.188029},"BGN":{"code":"BGN","name":"Bulgarian Lev","rate":1.955876},"BHD":{"code":"BHD","name":"Bahraini Dinar","rate":0.420176},"BIF":{"code":"BIF","name":"Burundian Franc","rate":2056.409142},"BMD":{"code":"BMD","name":"Bermudan Dollar","rate":1.114585},"BND":{"code":"BND","name":"Brunei Dollar","rate":1.505414},"BOB":{"code":"BOB","name":"Bolivian Boliviano","rate":7.707076},"BRL":{"code":"BRL","name":"Brazilian Real","rate":4.215136},"BSD":{"code":"BSD","name":"Bahamian Dollar","rate":1.114864},"BTC":{"code":"BTC","name":"Bitcoin","rate":0.000117},"BTN":{"code":"BTN","name":"Bhutanese Ngultrum","rate":76.810618},"BWP":{"code":"BWP","name":"Botswanan Pula","rate":11.919918},"BYN":{"code":"BYN","name":"New Belarusian Ruble","rate":2.271522},"BYR":{"code":"BYR","name":"Belarusian Ruble","rate":21845.864054},"BZD":{"code":"BZD","name":"Belize Dollar","rate":2.247839},"CAD":{"code":"CAD","name":"Canadian Dollar","rate":1.467295},"CDF":{"code":"CDF","name":"Congolese Franc","rate":1855.784031},"CHF":{"code":"CHF","name":"Swiss Franc","rate":1.105312},"CLF":{"code":"CLF","name":"Chilean Unit of Account (UF)","rate":0.028134},"CLP":{"code":"CLP","name":"Chilean Peso","rate":776.302802},"CNY":{"code":"CNY","name":"Chinese Yuan","rate":7.683282},"COP":{"code":"COP","name":"Colombian Peso","rate":3648.370756},"CRC":{"code":"CRC","name":"Costa Rican Colón","rate":639.520956},"CUC":{"code":"CUC","name":"Cuban Convertible Peso","rate":1.114585},"CUP":{"code":"CUP","name":"Cuban Peso","rate":29.5365},"CVE":{"code":"CVE","name":"Cape Verdean Escudo","rate":110.49382},"CZK":{"code":"CZK","name":"Czech Republic Koruna","rate":25.653008},"DJF":{"code":"DJF","name":"Djiboutian Franc","rate":198.084186},"DKK":{"code":"DKK","name":"Danish Krone","rate":7.466883},"DOP":{"code":"DOP","name":"Dominican Peso","rate":56.854953},"DZD":{"code":"DZD","name":"Algerian Dinar","rate":133.271216},"EGP":{"code":"EGP","name":"Egyptian Pound","rate":18.491515},"ERN":{"code":"ERN","name":"Eritrean Nakfa","rate":16.718525},"ETB":{"code":"ETB","name":"Ethiopian Birr","rate":32.378309},"EUR":{"code":"EUR","name":"Euro","rate":1},"FJD":{"code":"FJD","name":"Fijian Dollar","rate":2.396525},"FKP":{"code":"FKP","name":"Falkland Islands Pound","rate":0.904712},"GBP":{"code":"GBP","name":"British Pound Sterling","rate":0.9124},"GEL":{"code":"GEL","name":"Georgian Lari","rate":3.271335},"GGP":{"code":"GGP","name":"Guernsey Pound","rate":0.912422},"GHS":{"code":"GHS","name":"Ghanaian Cedi","rate":6.019861},"GIP":{"code":"GIP","name":"Gibraltar Pound","rate":0.904713},"GMD":{"code":"GMD","name":"Gambian Dalasi","rate":55.734815},"GNF":{"code":"GNF","name":"Guinean Franc","rate":10282.045478},"GTQ":{"code":"GTQ","name":"Guatemalan Quetzal","rate":8.564414},"GYD":{"code":"GYD","name":"Guyanaese Dollar","rate":232.591411},"HKD":{"code":"HKD","name":"Hong Kong Dollar","rate":8.718517},"HNL":{"code":"HNL","name":"Honduran Lempira","rate":27.474665},"HRK":{"code":"HRK","name":"Croatian Kuna","rate":7.382286},"HTG":{"code":"HTG","name":"Haitian Gourde","rate":105.348889},"HUF":{"code":"HUF","name":"Hungarian Forint","rate":327.849599},"IDR":{"code":"IDR","name":"Indonesian Rupiah","rate":15682.209553},"ILS":{"code":"ILS","name":"Israeli New Sheqel","rate":3.928351},"IMP":{"code":"IMP","name":"Manx pound","rate":0.912422},"INR":{"code":"INR","name":"Indian Rupee","rate":76.861756},"IQD":{"code":"IQD","name":"Iraqi Dinar","rate":1326.356032},"IRR":{"code":"IRR","name":"Iranian Rial","rate":46929.597319},"ISK":{"code":"ISK","name":"Icelandic Króna","rate":135.500614},"JEP":{"code":"JEP","name":"Jersey Pound","rate":0.912422},"JMD":{"code":"JMD","name":"Jamaican Dollar","rate":151.238053},"JOD":{"code":"JOD","name":"Jordanian Dinar","rate":0.790271},"JPY":{"code":"JPY","name":"Japanese Yen","rate":121.267397},"KES":{"code":"KES","name":"Kenyan Shilling","rate":116.032098},"KGS":{"code":"KGS","name":"Kyrgystani Som","rate":77.739844},"KHR":{"code":"KHR","name":"Cambodian Riel","rate":4553.07916},"KMF":{"code":"KMF","name":"Comorian Franc","rate":493.39889},"KPW":{"code":"KPW","name":"North Korean Won","rate":1003.198967},"KRW":{"code":"KRW","name":"South Korean Won","rate":1319.447156},"KWD":{"code":"KWD","name":"Kuwaiti Dinar","rate":0.339386},"KYD":{"code":"KYD","name":"Cayman Islands Dollar","rate":0.92938},"KZT":{"code":"KZT","name":"Kazakhstani Tenge","rate":429.415849},"LAK":{"code":"LAK","name":"Laotian Kip","rate":9687.972031},"LBP":{"code":"LBP","name":"Lebanese Pound","rate":1683.463077},"LKR":{"code":"LKR","name":"Sri Lankan Rupee","rate":196.389357},"LRD":{"code":"LRD","name":"Liberian Dollar","rate":225.56412},"LSL":{"code":"LSL","name":"Lesotho Loti","rate":15.849141},"LTL":{"code":"LTL","name":"Lithuanian Litas","rate":3.29108},"LVL":{"code":"LVL","name":"Latvian Lats","rate":0.674201},"LYD":{"code":"LYD","name":"Libyan Dinar","rate":1.565971},"MAD":{"code":"MAD","name":"Moroccan Dirham","rate":10.705642},"MDL":{"code":"MDL","name":"Moldovan Leu","rate":19.755462},"MGA":{"code":"MGA","name":"Malagasy Ariary","rate":4040.369905},"MKD":{"code":"MKD","name":"Macedonian Denar","rate":60.928795},"MMK":{"code":"MMK","name":"Myanma Kyat","rate":1681.184287},"MNT":{"code":"MNT","name":"Mongolian Tugrik","rate":2971.500333},"MOP":{"code":"MOP","name":"Macanese Pataca","rate":8.981106},"MRO":{"code":"MRO","name":"Mauritanian Ouguiya","rate":397.907195},"MUR":{"code":"MUR","name":"Mauritian Rupee","rate":40.074923},"MVR":{"code":"MVR","name":"Maldivian Rufiyaa","rate":17.220201},"MWK":{"code":"MWK","name":"Malawian Kwacha","rate":838.786433},"MXN":{"code":"MXN","name":"Mexican Peso","rate":21.24688},"MYR":{"code":"MYR","name":"Malaysian Ringgit","rate":4.593091},"MZN":{"code":"MZN","name":"Mozambican Metical","rate":68.714125},"NAD":{"code":"NAD","name":"Namibian Dollar","rate":15.849477},"NGN":{"code":"NGN","name":"Nigerian Naira","rate":401.250765},"NIO":{"code":"NIO","name":"Nicaraguan Córdoba","rate":37.360169},"NOK":{"code":"NOK","name":"Norwegian Krone","rate":9.692291},"NPR":{"code":"NPR","name":"Nepalese Rupee","rate":122.760702},"NZD":{"code":"NZD","name":"New Zealand Dollar","rate":1.680309},"OMR":{"code":"OMR","name":"Omani Rial","rate":0.429098},"PAB":{"code":"PAB","name":"Panamanian Balboa","rate":1.115086},"PEN":{"code":"PEN","name":"Peruvian Nuevo Sol","rate":3.678912},"PGK":{"code":"PGK","name":"Papua New Guinean Kina","rate":3.761697},"PHP":{"code":"PHP","name":"Philippine Peso","rate":56.910352},"PKR":{"code":"PKR","name":"Pakistani Rupee","rate":179.587472},"PLN":{"code":"PLN","name":"Polish Zloty","rate":4.288366},"PYG":{"code":"PYG","name":"Paraguayan Guarani","rate":6685.397123},"QAR":{"code":"QAR","name":"Qatari Rial","rate":4.057925},"RON":{"code":"RON","name":"Romanian Leu","rate":4.729294},"RSD":{"code":"RSD","name":"Serbian Dinar","rate":117.744457},"RUB":{"code":"RUB","name":"Russian Ruble","rate":70.693324},"RWF":{"code":"RWF","name":"Rwandan Franc","rate":1017.058722},"SAR":{"code":"SAR","name":"Saudi Riyal","rate":4.18014},"SBD":{"code":"SBD","name":"Solomon Islands Dollar","rate":9.171417},"SCR":{"code":"SCR","name":"Seychellois Rupee","rate":15.226348},"SDG":{"code":"SDG","name":"Sudanese Pound","rate":50.307919},"SEK":{"code":"SEK","name":"Swedish Krona","rate":10.573794},"SGD":{"code":"SGD","name":"Singapore Dollar","rate":1.52709},"SHP":{"code":"SHP","name":"Saint Helena Pound","rate":1.472253},"SLL":{"code":"SLL","name":"Sierra Leonean Leone","rate":10309.910651},"SOS":{"code":"SOS","name":"Somali Shilling","rate":646.459068},"SRD":{"code":"SRD","name":"Surinamese Dollar","rate":8.312553},"STD":{"code":"STD","name":"São Tomé and Príncipe Dobra","rate":24031.330982},"SVC":{"code":"SVC","name":"Salvadoran Colón","rate":9.757912},"SYP":{"code":"SYP","name":"Syrian Pound","rate":574.010616},"SZL":{"code":"SZL","name":"Swazi Lilangeni","rate":15.84891},"THB":{"code":"THB","name":"Thai Baht","rate":34.397174},"TJS":{"code":"TJS","name":"Tajikistani Somoni","rate":10.521793},"TMT":{"code":"TMT","name":"Turkmenistani Manat","rate":3.912193},"TND":{"code":"TND","name":"Tunisian Dinar","rate":3.20064},"TOP":{"code":"TOP","name":"Tongan Paʻanga","rate":2.547105},"TRY":{"code":"TRY","name":"Turkish Lira","rate":6.259175},"TTD":{"code":"TTD","name":"Trinidad and Tobago Dollar","rate":7.553932},"TWD":{"code":"TWD","name":"New Taiwan Dollar","rate":34.659692},"TZS":{"code":"TZS","name":"Tanzanian Shilling","rate":2562.652154},"UAH":{"code":"UAH","name":"Ukrainian Hryvnia","rate":28.299574},"UGX":{"code":"UGX","name":"Ugandan Shilling","rate":4126.137284},"USD":{"code":"USD","name":"United States Dollar","rate":1.114585},"UYU":{"code":"UYU","name":"Uruguayan Peso","rate":38.07445},"UZS":{"code":"UZS","name":"Uzbekistan Som","rate":9608.836666},"VEF":{"code":"VEF","name":"Venezuelan Bolívar Fuerte","rate":11.13192},"VND":{"code":"VND","name":"Vietnamese Dong","rate":25867.843668},"VUV":{"code":"VUV","name":"Vanuatu Vatu","rate":129.416274},"WST":{"code":"WST","name":"Samoan Tala","rate":2.930134},"XAF":{"code":"XAF","name":"CFA Franc BEAC","rate":657.582505},"XAG":{"code":"XAG","name":"Silver (troy ounce)","rate":0.067725},"XAU":{"code":"XAU","name":"Gold (troy ounce)","rate":0.000781},"XCD":{"code":"XCD","name":"East Caribbean Dollar","rate":3.012334},"XDR":{"code":"XDR","name":"Special Drawing Rights","rate":0.810303},"XOF":{"code":"XOF","name":"CFA Franc BCEAO","rate":657.605543},"XPF":{"code":"XPF","name":"CFP Franc","rate":119.985421},"YER":{"code":"YER","name":"Yemeni Rial","rate":279.089721},"ZAR":{"code":"ZAR","name":"South African Rand","rate":15.788433},"ZMK":{"code":"ZMK","name":"Zambian Kwacha (pre-2013)","rate":10032.601168},"ZMW":{"code":"ZMW","name":"Zambian Kwacha","rate":14.384845},"ZWL":{"code":"ZWL","name":"Zimbabwean Dollar","rate":358.896339}},"timestamp":1564436345}